1,Oklahoma,2024-03-17 04:32:32
2,New South Wales,2024-03-17 04:32:32
3,Queensland,2024-03-17 04:32:32
4,Berlin,2024-03-17 04:32:32
5,Dakar,2024-03-17 04:32:32
6,Wellington,2024-03-17 04:32:32
7,Waikato,2024-03-17 04:32:32
8,Washington,2024-03-17 04:32:32
9,Kabul,2024-03-17 04:32:32
10,Jizan,2024-03-17 04:32:32
11,Parana,2024-03-17 04:32:32
12,Heilongjiang,2024-03-17 04:32:32
13,Ile-de-France,2024-03-17 04:32:32
14,Texas,2024-03-17 04:32:32
15,Tuscany,2024-03-17 04:32:32
16,Kigoma,2024-03-17 04:32:32
17,Silesia,2024-03-17 04:32:32
18,Anhui,2024-03-17 04:32:32
19,Scotland,2024-03-17 04:32:32
20,Chihuahua,2024-03-17 04:32:32
21,San Salvador,2024-03-17 04:32:32
22,Taipei City,2024-03-17 04:32:32
23,Saxony,2024-03-17 04:32:32
24,New York,2024-03-17 04:32:32
25,Gujarat,2024-03-17 04:32:32
26,Santo Domingo,2024-03-17 04:32:32
27,Brittany,2024-03-17 04:32:32
28,California,2024-03-17 04:32:32
29,Katanga,2024-03-17 04:32:32
30,England,2024-03-17 04:32:32
31,Nusa Tenggara Barat,2024-03-17 04:32:32
32,Haryana,2024-03-17 04:32:32
33,Kerala,2024-03-17 04:32:32
34,Mississippi,2024-03-17 04:32:32
35,Shandong,2024-03-17 04:32:32
36,Jharkhand,2024-03-17 04:32:32
37,Paysandú,2024-03-17 04:32:32
38,Mazandaran,2024-03-17 04:32:32
39,Cidade De Maputo,2024-03-17 04:32:32
40,Madhya Pradesh,2024-03-17 04:32:32
41,Delhi,2024-03-17 04:32:32
42,Western Australia,2024-03-17 04:32:32
43,Dhaka,2024-03-17 04:32:32
44,Pennsylvania,2024-03-17 04:32:32
45,Lower Saxony,2024-03-17 04:32:32
46,Jiangsu,2024-03-17 04:32:32
47,North Carolina,2024-03-17 04:32:32
48,Andalusía,2024-03-17 04:32:32
49,Uttarakhand,2024-03-17 04:32:32
50,Durango,2024-03-17 04:32:32
51,Kharkiv,2024-03-17 04:32:32
52,Chinandega,2024-03-17 04:32:32
53,Kasai-Occidental,2024-03-17 04:32:32
54,Sumatera Selatan,2024-03-17 04:32:32
55,Victoria,2024-03-17 04:32:32
56,North Rhine-Westphalia,2024-03-17 04:32:32
57,Sichuan,2024-03-17 04:32:32
58,West Bengal,2024-03-17 04:32:32
59,Nord-Pas-de-Calais-Picardie,2024-03-17 04:32:32
60,Meknès-Tafilalet,2024-03-17 04:32:32
61,Oregon,2024-03-17 04:32:32
62,Jawa Barat,2024-03-17 04:32:32
63,Grand Casablanca,2024-03-17 04:32:32
64,National Capital,2024-03-17 04:32:32
65,Styria,2024-03-17 04:32:32
66,Kinshasa,2024-03-17 04:32:32
67,Aquitaine-Limousin-Poitou-Charentes,2024-03-17 04:32:32
68,Puebla,2024-03-17 04:32:32
69,Bavaria,2024-03-17 04:32:32
70,Provence-Alpes-Côte d'Azur,2024-03-17 04:32:32
71,Antioquia,2024-03-17 04:32:32
72,North Brabant,2024-03-17 04:32:32
73,Virginia,2024-03-17 04:32:32
74,Galicia,2024-03-17 04:32:32
75,Bremen,2024-03-17 04:32:32
76,Languedoc-Roussillon-Midi-Pyrénées,2024-03-17 04:32:32
77,South Australia,2024-03-17 04:32:32
78,Pahang,2024-03-17 04:32:32
79,Pichincha,2024-03-17 04:32:32
80,Hainan,2024-03-17 04:32:32
81,Bangkok,2024-03-17 04:32:32
82,Indiana,2024-03-17 04:32:32
83,Sonora,2024-03-17 04:32:32
84,Hubei,2024-03-17 04:32:32
85,São Paulo,2024-03-17 04:32:32
86,Veneto,2024-03-17 04:32:32
87,Woqooyi Galbeed,2024-03-17 04:32:32
88,Yogyakarta,2024-03-17 04:32:32
89,Liaoning,2024-03-17 04:32:32
90,North Holland,2024-03-17 04:32:32
91,Normandy,2024-03-17 04:32:32
92,Hamburg,2024-03-17 04:32:32
93,Guatemala,2024-03-17 04:32:32
94,New Hampshire,2024-03-17 04:32:32
95,Michoacán,2024-03-17 04:32:32
96,Jilin,2024-03-17 04:32:32
97,Madrid,2024-03-17 04:32:32
98,Makkah,2024-03-17 04:32:32
99,Sumatera Utara,2024-03-17 04:32:32
100,Jakarta,2024-03-17 04:32:32
101,Jawa Tengah,2024-03-17 04:32:32
102,Beijing,2024-03-17 04:32:32
103,Hidalgo,2024-03-17 04:32:32
104,Brest,2024-03-17 04:32:32
105,Valenciana,2024-03-17 04:32:32
106,Zhytomyr,2024-03-17 04:32:32
107,Bihar,2024-03-17 04:32:32
108,Phnom Penh,2024-03-17 04:32:32
109,Rhode Island,2024-03-17 04:32:32
110,Jambi,2024-03-17 04:32:32
111,Guangdong,2024-03-17 04:32:32
112,Tasmania,2024-03-17 04:32:32
113,Gauteng,2024-03-17 04:32:32
114,Basque Country,2024-03-17 04:32:32
115,Nevada,2024-03-17 04:32:32
116,Ontario,2024-03-17 04:32:32
117,Fars,2024-03-17 04:32:32
118,Shizuoka,2024-03-17 04:32:32
119,Kuala Lumpur,2024-03-17 04:32:32
120,Astrakhan',2024-03-17 04:32:32
121,Hunan,2024-03-17 04:32:32
122,Zhejiang,2024-03-17 04:32:32
123,Pays de la Loire,2024-03-17 04:32:32
124,Bourgogne-Franche-Comté,2024-03-17 04:32:32
125,Tennessee,2024-03-17 04:32:32
126,Western Cape,2024-03-17 04:32:32
127,Al Qahirah,2024-03-17 04:32:32
128,Baki,2024-03-17 04:32:32
129,Vilnius,2024-03-17 04:32:32
130,Georgia,2024-03-17 04:32:32
131,Buenos Aires,2024-03-17 04:32:32
132,Suhaj,2024-03-17 04:32:32
133,Maseru,2024-03-17 04:32:32
134,Henan,2024-03-17 04:32:32
135,Bahia,2024-03-17 04:32:32
136,Matagalpa,2024-03-17 04:32:32
137,Ohio,2024-03-17 04:32:32
138,Managua,2024-03-17 04:32:32
139,Inner Mongolia,2024-03-17 04:32:32
140,Alsace-Champagne-Ardenne-Lorraine,2024-03-17 04:32:32
141,Jawa Timur,2024-03-17 04:32:32
142,Vienna,2024-03-17 04:32:32
143,Distrito Federal,2024-03-17 04:32:32
144,Osaka,2024-03-17 04:32:32
145,Uttar Pradesh,2024-03-17 04:32:32
146,Catalonia,2024-03-17 04:32:32
147,Ho Chí Minh City,2024-03-17 04:32:32
148,Camagüey,2024-03-17 04:32:32
149,Neamt,2024-03-17 04:32:32
150,Guanajuato,2024-03-17 04:32:32
151,Missouri,2024-03-17 04:32:32
152,Izmir,2024-03-17 04:32:32
153,Auckland,2024-03-17 04:32:32
154,Centre,2024-03-17 04:32:32
155,Cantabria,2024-03-17 04:32:32
156,Hebei,2024-03-17 04:32:32
157,Shanghai,2024-03-17 04:32:32
158,León,2024-03-17 04:32:32
159,Yaroslavl',2024-03-17 04:32:32
160,Australian Capital Territory,2024-03-17 04:32:32
161,Eastern Cape,2024-03-17 04:32:32
162,Chhattisgarh,2024-03-17 04:32:32
163,Canterbury,2024-03-17 04:32:32
164,Chongqing,2024-03-17 04:32:32
165,Bekes,2024-03-17 04:32:32
166,Piedmont,2024-03-17 04:32:32
167,Singapore,2024-03-17 04:32:32
168,Benguela,2024-03-17 04:32:32
169,Hyogo,2024-03-17 04:32:32
170,Sulawesi Tenggara,2024-03-17 04:32:32
171,Auvergne,2024-03-17 04:32:32
172,Buzau,2024-03-17 04:32:32
173,Paraíba,2024-03-17 04:32:32
174,Northern Territory,2024-03-17 04:32:32
175,Illinois,2024-03-17 04:32:32
176,East Flanders,2024-03-17 04:32:32
177,Punjab,2024-03-17 04:32:32
178,Auvergne-Rhône-Alpes,2024-03-17 04:32:32
179,Uusimaa,2024-03-17 04:32:32
180,Bolívar,2024-03-17 04:32:32
181,Quintana Roo,2024-03-17 04:32:32
182,Ashanti,2024-03-17 04:32:32
183,Tamil Nadu,2024-03-17 04:32:32
184,Lorestan,2024-03-17 04:32:32
185,Apulia,2024-03-17 04:32:32
186,Nuevo León,2024-03-17 04:32:32
187,Goiás,2024-03-17 04:32:32
188,Sulawesi Utara,2024-03-17 04:32:32
189,Kermanshah,2024-03-17 04:32:32
190,Maharashtra,2024-03-17 04:32:32
191,Santander,2024-03-17 04:32:32
192,Karnataka,2024-03-17 04:32:32
193,Fujian,2024-03-17 04:32:32
194,Copperbelt,2024-03-17 04:32:32
195,Michigan,2024-03-17 04:32:32
196,Rajasthan,2024-03-17 04:32:32
197,Thuringia,2024-03-17 04:32:32
198,Kentucky,2024-03-17 04:32:32
199,Tabasco,2024-03-17 04:32:32
200,México,2024-03-17 04:32:32
201,Sinaloa,2024-03-17 04:32:32
202,Arizona,2024-03-17 04:32:32
203,Maysan,2024-03-17 04:32:32
204,Razavi Khorasan,2024-03-17 04:32:32
205,Lazio,2024-03-17 04:32:32
206,Balearic Islands,2024-03-17 04:32:32
207,Gyor,2024-03-17 04:32:32
208,Montserrado,2024-03-17 04:32:32
209,Santiago de Cuba,2024-03-17 04:32:32
210,Bogota,2024-03-17 04:32:32
211,Tbilisi,2024-03-17 04:32:32
212,Gansu,2024-03-17 04:32:32
213,Emilia-Romagna,2024-03-17 04:32:32
214,Lublin,2024-03-17 04:32:32
215,Zürich,2024-03-17 04:32:32
216,Elbasan,2024-03-17 04:32:32
217,Voronezh,2024-03-17 04:32:32
218,Yamaguchi,2024-03-17 04:32:32
219,Sulawesi Tengah,2024-03-17 04:32:32
220,Manipur,2024-03-17 04:32:32
221,Mandoul,2024-03-17 04:32:32
222,Podgorica,2024-03-17 04:32:32
223,Jalisco,2024-03-17 04:32:32
224,Hamadan,2024-03-17 04:32:32
225,Khomas,2024-03-17 04:32:32
226,Quezaltenango,2024-03-17 04:32:32
227,La Libertad,2024-03-17 04:32:32
228,Guantánamo,2024-03-17 04:32:32
229,Western Visayas,2024-03-17 04:32:32
230,Lisboa,2024-03-17 04:32:32
231,San Juan,2024-03-17 04:32:32
232,Analamanga,2024-03-17 04:32:32
233,Bashkortostan,2024-03-17 04:32:32
234,Tehran,2024-03-17 04:32:32
235,Baluchistan,2024-03-17 04:32:32
236,Cundinamarca,2024-03-17 04:32:32
237,Volyn,2024-03-17 04:32:32
238,Northland,2024-03-17 04:32:32
239,Yunnan,2024-03-17 04:32:32
240,Navarra,2024-03-17 04:32:32
241,Stockholm,2024-03-17 04:32:32
242,Asturias,2024-03-17 04:32:32
243,Campania,2024-03-17 04:32:32
244,Poltava,2024-03-17 04:32:32
245,Andhra Pradesh,2024-03-17 04:32:32
246,North-West,2024-03-17 04:32:32
247,Vladimir,2024-03-17 04:32:32
248,Castile and León,2024-03-17 04:32:32
249,Yangon,2024-03-17 04:32:32
250,Saint Catherine,2024-03-17 04:32:32
251,Tianjin,2024-03-17 04:32:32
252,Barahona,2024-03-17 04:32:32
253,Federal District,2024-03-17 04:32:32
254,Attica,2024-03-17 04:32:32
255,Ad Dawhah,2024-03-17 04:32:32
256,Oita,2024-03-17 04:32:32
257,Bay of Plenty,2024-03-17 04:32:32
258,Rio Grande do Norte,2024-03-17 04:32:32
259,Hesse,2024-03-17 04:32:32
260,Alberta,2024-03-17 04:32:32
261,Santa Catarina,2024-03-17 04:32:32
262,Yucatán,2024-03-17 04:32:32
263,Dar Es Salaam,2024-03-17 04:32:32
264,Tadla-Azilal,2024-03-17 04:32:32
265,Niari,2024-03-17 04:32:32
266,Kaliningrad,2024-03-17 04:32:32
267,Vest-Agder,2024-03-17 04:32:32
268,Al Qadisiyah,2024-03-17 04:32:32
269,Mayabeque,2024-03-17 04:32:32
270,Alger,2024-03-17 04:32:32
271,Istanbul,2024-03-17 04:32:32
272,Kaunas,2024-03-17 04:32:32
273,Ardabil,2024-03-17 04:32:32
274,Baja California,2024-03-17 04:32:32
275,Al Iskandariyah,2024-03-17 04:32:32
276,Guangxi,2024-03-17 04:32:32
277,Mecklenburg-Vorpommern,2024-03-17 04:32:32
278,Trentino-Alto Adige,2024-03-17 04:32:32
279,Basel-Stadt,2024-03-17 04:32:32
280,Maputo,2024-03-17 04:32:32
281,Seoul,2024-03-17 04:32:32
282,Lombardy,2024-03-17 04:32:32
283,Sabah,2024-03-17 04:32:32
284,Colorado,2024-03-17 04:32:32
285,Minas Gerais,2024-03-17 04:32:32
286,Benue,2024-03-17 04:32:32
287,Harjumaa,2024-03-17 04:32:32
288,Wales,2024-03-17 04:32:32
289,Kalimantan Timur,2024-03-17 04:32:32
290,Balikesir,2024-03-17 04:32:32
291,Fromager,2024-03-17 04:32:32
292,Francisco Morazán,2024-03-17 04:32:32
293,Sancti Spíritus,2024-03-17 04:32:32
294,Hordaland,2024-03-17 04:32:32
295,Ar Riyad,2024-03-17 04:32:32
296,Lucerne,2024-03-17 04:32:32
297,Central,2024-03-17 04:32:32
298,Kasai-Oriental,2024-03-17 04:32:32
299,Montana,2024-03-17 04:32:32
300,Jammu and Kashmir,2024-03-17 04:32:32
301,Haut-Sassandra,2024-03-17 04:32:32
302,Coahuila,2024-03-17 04:32:32
303,Cordillera,2024-03-17 04:32:32
304,Connecticut,2024-03-17 04:32:32
305,Chelyabinsk,2024-03-17 04:32:32
306,Espírito Santo,2024-03-17 04:32:32
307,Abruzzi,2024-03-17 04:32:32
308,Chittagong,2024-03-17 04:32:32
309,Baghdad,2024-03-17 04:32:32
310,San Luis,2024-03-17 04:32:32
311,San Luis Potosí,2024-03-17 04:32:32
312,Florida,2024-03-17 04:32:32
313,Prague,2024-03-17 04:32:32
314,Bangui,2024-03-17 04:32:32
315,Hawke's Bay,2024-03-17 04:32:32
316,Antwerp,2024-03-17 04:32:32
317,Chiba,2024-03-17 04:32:32
318,Ouémé,2024-03-17 04:32:32
319,Esfahan,2024-03-17 04:32:32
320,L'viv,2024-03-17 04:32:32
321,Oslo,2024-03-17 04:32:32
322,Arbil,2024-03-17 04:32:32
323,San Pedro de Macorís,2024-03-17 04:32:32
324,Estelí,2024-03-17 04:32:32
325,Pinar del Río,2024-03-17 04:32:32
326,Tanger-Tétouan,2024-03-17 04:32:32
327,Oruro,2024-03-17 04:32:32
328,Gunma,2024-03-17 04:32:32
329,Amur,2024-03-17 04:32:32
330,Telangana,2024-03-17 04:32:32
331,Alabama,2024-03-17 04:32:32
332,Durrës,2024-03-17 04:32:32
333,Tamaulipas,2024-03-17 04:32:32
334,Utah,2024-03-17 04:32:32
335,Atacama,2024-03-17 04:32:32
336,La Romana,2024-03-17 04:32:32
337,Martinique,2024-03-17 04:32:32
338,Rhineland-Palatinate,2024-03-17 04:32:32
339,Rio de Janeiro,2024-03-17 04:32:32
340,Hims,2024-03-17 04:32:32
341,Tocantins,2024-03-17 04:32:32
342,Bali,2024-03-17 04:32:32
343,Gyeonggi,2024-03-17 04:32:32
344,Khulna,2024-03-17 04:32:32
345,Baden-Württemberg,2024-03-17 04:32:32
346,Saskatchewan,2024-03-17 04:32:32
347,Granma,2024-03-17 04:32:32
348,Namur,2024-03-17 04:32:32
349,Gilan,2024-03-17 04:32:32
350,Maranhão,2024-03-17 04:32:32
351,Saitama,2024-03-17 04:32:32
352,Beirut,2024-03-17 04:32:32
353,Halland,2024-03-17 04:32:32
354,Punjab,2024-03-17 04:32:32
355,Veracruz,2024-03-17 04:32:32
356,Calabarzon,2024-03-17 04:32:32
357,Rabat-Salé-Zemmour-Zaer,2024-03-17 04:32:32
358,Kutahya,2024-03-17 04:32:32
359,Greater Accra,2024-03-17 04:32:32
360,Cochabamba,2024-03-17 04:32:32
361,New Mexico,2024-03-17 04:32:32
362,Biobio,2024-03-17 04:32:32
363,Santiago,2024-03-17 04:32:32
364,Nairobi,2024-03-17 04:32:32
365,Taranaki,2024-03-17 04:32:32
366,Sikasso,2024-03-17 04:32:32
367,Amapá,2024-03-17 04:32:32
368,Misratah,2024-03-17 04:32:32
369,Matanzas,2024-03-17 04:32:32
370,T?nh C?n Th?,2024-03-17 04:32:32
371,Las Tunas,2024-03-17 04:32:32
372,Nebraska,2024-03-17 04:32:32
373,Manawatu-Wanganui,2024-03-17 04:32:32
374,British Columbia,2024-03-17 04:32:32
375,Valparaíso,2024-03-17 04:32:32
376,Massachusetts,2024-03-17 04:32:32
377,Lara,2024-03-17 04:32:32
378,San Fernando,2024-03-17 04:32:32
379,Dublin,2024-03-17 04:32:32
380,Marrakech-Tensift-El Haouz,2024-03-17 04:32:32
381,Sofiya-Grad,2024-03-17 04:32:32
382,Dnipropetrovs'k,2024-03-17 04:32:32
383,Quindío,2024-03-17 04:32:32
384,Perak,2024-03-17 04:32:32
385,Shanxi,2024-03-17 04:32:32
386,Dagestan,2024-03-17 04:32:32
387,Guelma,2024-03-17 04:32:32
388,Tyrol,2024-03-17 04:32:32
389,Panama,2024-03-17 04:32:32
390,Pernambuco,2024-03-17 04:32:32
391,Odisha,2024-03-17 04:32:32
392,Atlántico,2024-03-17 04:32:32
393,Tel Aviv,2024-03-17 04:32:32
394,Lagos,2024-03-17 04:32:32
395,Chimaltenango,2024-03-17 04:32:32
396,Minnesota,2024-03-17 04:32:32
397,Castile-La Mancha,2024-03-17 04:32:32
398,Villa Clara,2024-03-17 04:32:32
399,Los Lagos,2024-03-17 04:32:32
400,Annaba,2024-03-17 04:32:32
401,Utrecht,2024-03-17 04:32:32
402,Nagasaki,2024-03-17 04:32:32
403,Selangor,2024-03-17 04:32:32
404,Kiên Giang,2024-03-17 04:32:32
405,Santa Cruz,2024-03-17 04:32:32
406,Donetsk,2024-03-17 04:32:32
407,Xinjiang Uygur,2024-03-17 04:32:32
408,Ouest,2024-03-17 04:32:32
409,Brasov,2024-03-17 04:32:32
410,Hiroshima,2024-03-17 04:32:32
411,Gelderland,2024-03-17 04:32:32
412,Th? Dô Hà N?i,2024-03-17 04:32:32
413,Limburg,2024-03-17 04:32:32
414,Pará,2024-03-17 04:32:32
415,Liguria,2024-03-17 04:32:32
416,Sumatera Barat,2024-03-17 04:32:32
417,Los Rios,2024-03-17 04:32:32
418,Al Jawf,2024-03-17 04:32:32
419,Saint Michael,2024-03-17 04:32:32
420,Quebec,2024-03-17 04:32:32
421,Kano,2024-03-17 04:32:32
422,Murcia,2024-03-17 04:32:32
423,Fès-Boulemane,2024-03-17 04:32:32
424,Ciego de Ávila,2024-03-17 04:32:32
425,Arkhangel'sk,2024-03-17 04:32:32
426,Ljubljana,2024-03-17 04:32:32
427,Chernihiv,2024-03-17 04:32:32
428,Bamako,2024-03-17 04:32:32
429,Montevideo,2024-03-17 04:32:32
430,Nayarit,2024-03-17 04:32:32
431,Sicily,2024-03-17 04:32:32
432,Boeny,2024-03-17 04:32:32
433,Saida,2024-03-17 04:32:32
434,Stavropol',2024-03-17 04:32:32
435,Nampula,2024-03-17 04:32:32
436,Vinnytsya,2024-03-17 04:32:32
437,Southern,2024-03-17 04:32:32
438,Eastern,2024-03-17 04:32:32
439,Galati,2024-03-17 04:32:32
440,Centre-Val de Loire,2024-03-17 04:32:32
441,Banghazi,2024-03-17 04:32:32
442,Qinghai,2024-03-17 04:32:32
443,Tabuk,2024-03-17 04:32:32
444,Guizhou,2024-03-17 04:32:32
445,Tokyo,2024-03-17 04:32:32
446,Cork,2024-03-17 04:32:32
447,Lusaka,2024-03-17 04:32:32
448,Al Basrah,2024-03-17 04:32:32
449,Louisiana,2024-03-17 04:32:32
450,Santa Ana,2024-03-17 04:32:32
451,Mwanza,2024-03-17 04:32:32
452,Chiriquí,2024-03-17 04:32:32
453,Busan,2024-03-17 04:32:32
454,Holguín,2024-03-17 04:32:32
455,Carinthia,2024-03-17 04:32:32
456,Escuintla,2024-03-17 04:32:32
457,Qom,2024-03-17 04:32:32
458,Al Gharbiyah,2024-03-17 04:32:32
459,Provincia de Buenos Aires,2024-03-17 04:32:32
460,Skåne,2024-03-17 04:32:32
461,Budapest,2024-03-17 04:32:32
462,Maritime,2024-03-17 04:32:32
463,Al Bahr Al Ahmar,2024-03-17 04:32:32
464,Arusha,2024-03-17 04:32:32
465,Campeche,2024-03-17 04:32:32
466,La Vega,2024-03-17 04:32:32
467,Nouakchott,2024-03-17 04:32:32
468,Centre,2024-03-17 04:32:32
469,Magdalena,2024-03-17 04:32:32
470,Córdoba,2024-03-17 04:32:32
471,San Juan,2024-03-17 04:32:32
472,Amazonas,2024-03-17 04:32:32
473,South Holland,2024-03-17 04:32:32
474,Värmland,2024-03-17 04:32:32
475,Shaanxi,2024-03-17 04:32:32
476,Karbala',2024-03-17 04:32:32
477,Hrodna,2024-03-17 04:32:32
478,Caldas,2024-03-17 04:32:32
479,Luanda,2024-03-17 04:32:32
480,Equateur,2024-03-17 04:32:32
481,Morelos,2024-03-17 04:32:32
482,Cortés,2024-03-17 04:32:32
483,Marlborough,2024-03-17 04:32:32
484,Nzérékoré,2024-03-17 04:32:32
485,Kaduna,2024-03-17 04:32:32
486,Duarte,2024-03-17 04:32:32
487,Shumen,2024-03-17 04:32:32
488,Hainaut,2024-03-17 04:32:32
489,Oran,2024-03-17 04:32:32
490,Kigali,2024-03-17 04:32:32
491,Adana,2024-03-17 04:32:32
492,Plateaux,2024-03-17 04:32:32
493,Riau,2024-03-17 04:32:32
494,Valle del Cauca,2024-03-17 04:32:32
495,Ouest,2024-03-17 04:32:32
496,Ceará,2024-03-17 04:32:32
497,Luhans'k,2024-03-17 04:32:32
498,Kwazulu-natal,2024-03-17 04:32:32
499,Geneva,2024-03-17 04:32:32
500,Guerrero,2024-03-17 04:32:32
501,Chubut,2024-03-17 04:32:32
502,Chaco,2024-03-17 04:32:32
503,Hovedstaden,2024-03-17 04:32:32
504,Niamey,2024-03-17 04:32:32
505,Ankara,2024-03-17 04:32:32
506,Upper Austria,2024-03-17 04:32:32
507,National Capital,2024-03-17 04:32:32
508,Kerman,2024-03-17 04:32:32
509,Atlántida,2024-03-17 04:32:32
510,Nelson,2024-03-17 04:32:32
511,Pomerania,2024-03-17 04:32:32
512,Puducherry,2024-03-17 04:32:32
513,Gyeongsangnam,2024-03-17 04:32:32
514,Brandenburg,2024-03-17 04:32:32
515,Saxony-Anhalt,2024-03-17 04:32:32
516,Tolima,2024-03-17 04:32:32
517,Ulaanbaatar,2024-03-17 04:32:32
518,Umbria,2024-03-17 04:32:32
519,Groningen,2024-03-17 04:32:32
520,Red Sea,2024-03-17 04:32:32
521,Kanagawa,2024-03-17 04:32:32
522,Coimbra,2024-03-17 04:32:32
523,Vallee Du Bandama,2024-03-17 04:32:32
524,Anzoátegui,2024-03-17 04:32:32
525,Choluteca,2024-03-17 04:32:32
526,Al Asimah,2024-03-17 04:32:32
527,Wisconsin,2024-03-17 04:32:32
528,Khartoum,2024-03-17 04:32:32
529,Al Minya,2024-03-17 04:32:32
530,Lima (city),2024-03-17 04:32:32
531,Daejeon,2024-03-17 04:32:32
532,Zambezia,2024-03-17 04:32:32
533,Rajshahi,2024-03-17 04:32:32
534,Querétaro,2024-03-17 04:32:32
535,Prahova,2024-03-17 04:32:32
536,Kassala,2024-03-17 04:32:32
537,Kordestan,2024-03-17 04:32:32
538,Risaralda,2024-03-17 04:32:32
539,Negeri Sembilan,2024-03-17 04:32:32
540,Hradec Kralove,2024-03-17 04:32:32
541,Nusa Tenggara Timur,2024-03-17 04:32:32
542,Fukuoka,2024-03-17 04:32:32
543,Alagoas,2024-03-17 04:32:32
544,Salah Ad Din,2024-03-17 04:32:32
545,Sumy,2024-03-17 04:32:32
546,Doukkala-Abda,2024-03-17 04:32:32
547,Potosí,2024-03-17 04:32:32
548,Dayr Az Zawr,2024-03-17 04:32:32
549,Irkutsk,2024-03-17 04:32:32
550,Banaadir,2024-03-17 04:32:32
551,Bryansk,2024-03-17 04:32:32
552,Isla de la Juventud,2024-03-17 04:32:32
553,Arica y Parinacota,2024-03-17 04:32:32
554,Coast,2024-03-17 04:32:32
555,Aydin,2024-03-17 04:32:32
556,Eastern,2024-03-17 04:32:32
557,Khuzestan,2024-03-17 04:32:32
558,Cluj,2024-03-17 04:32:32
559,Bihor,2024-03-17 04:32:32
560,Trabzon,2024-03-17 04:32:32
561,Kindia,2024-03-17 04:32:32
562,Distrito Capital,2024-03-17 04:32:32
563,Kirovohrad,2024-03-17 04:32:32
564,Lagunes,2024-03-17 04:32:32
565,Finland Proper,2024-03-17 04:32:32
566,Ivanovo,2024-03-17 04:32:32
567,Artemisa,2024-03-17 04:32:32
568,Denizli,2024-03-17 04:32:32
569,Limburg,2024-03-17 04:32:32
570,Carabobo,2024-03-17 04:32:32
571,Kagawa,2024-03-17 04:32:32
572,Kaluga,2024-03-17 04:32:32
573,Papua,2024-03-17 04:32:32
574,Corsica,2024-03-17 04:32:32
575,New Jersey,2024-03-17 04:32:32
576,Kankan,2024-03-17 04:32:32
577,Zaporizhzhya,2024-03-17 04:32:32
578,Luxembourg,2024-03-17 04:32:32
579,Federation of Bosnia and Herzegovina,2024-03-17 04:32:32
580,Otago,2024-03-17 04:32:32
581,Bissau,2024-03-17 04:32:32
582,Khmel'nyts'kyy,2024-03-17 04:32:32
583,Mato Grosso,2024-03-17 04:32:32
584,Norte de Santander,2024-03-17 04:32:32
585,Rio Grande do Sul,2024-03-17 04:32:32
586,Sofala,2024-03-17 04:32:32
587,Lacs,2024-03-17 04:32:32
588,Maryland,2024-03-17 04:32:32
589,Djibouti,2024-03-17 04:32:32
590,Saga,2024-03-17 04:32:32
591,Rift Valley,2024-03-17 04:32:32
592,Timis,2024-03-17 04:32:32
593,Sardinia,2024-03-17 04:32:32
594,Vaud,2024-03-17 04:32:32
595,Jerusalem,2024-03-17 04:32:32
596,Miranda,2024-03-17 04:32:32
597,Sonsonate,2024-03-17 04:32:32
598,Saarland,2024-03-17 04:32:32
599,Huehuetenango,2024-03-17 04:32:32
600,Azuay,2024-03-17 04:32:32
601,Al Madinah,2024-03-17 04:32:32
602,Rivers,2024-03-17 04:32:32
603,Assam,2024-03-17 04:32:32
604,Gaziantep,2024-03-17 04:32:32
605,Constanta,2024-03-17 04:32:32
606,Ash Sharqiyah,2024-03-17 04:32:32
607,Littoral,2024-03-17 04:32:32
608,Colima,2024-03-17 04:32:32
609,Khyber Pakhtunkhwa,2024-03-17 04:32:32
610,Eastern,2024-03-17 04:32:32
611,Lodz,2024-03-17 04:32:32
612,Ninawa,2024-03-17 04:32:32
613,Sibiu,2024-03-17 04:32:32
614,Tunis,2024-03-17 04:32:32
615,Santa Fe,2024-03-17 04:32:32
616,Mykolayiv,2024-03-17 04:32:32
617,Rogaland,2024-03-17 04:32:32
618,Masaya,2024-03-17 04:32:32
619,Sergipe,2024-03-17 04:32:32
620,Granada,2024-03-17 04:32:32
621,Flemish Brabant,2024-03-17 04:32:32
622,Grad Zagreb,2024-03-17 04:32:32
623,Babil,2024-03-17 04:32:32
624,Overijssel,2024-03-17 04:32:32
625,Hong Kong,2024-03-17 04:32:32
626,Buskerud,2024-03-17 04:32:32
627,Central,2024-03-17 04:32:32
628,Aswan,2024-03-17 04:32:32
629,Cienfuegos,2024-03-17 04:32:32
630,Panevezys,2024-03-17 04:32:32
631,Gisborne,2024-03-17 04:32:32
632,South Carolina,2024-03-17 04:32:32
633,West Flanders,2024-03-17 04:32:32
634,Bingol,2024-03-17 04:32:32
635,Guadeloupe,2024-03-17 04:32:32
636,South Denmark,2024-03-17 04:32:32
637,Bishkek,2024-03-17 04:32:32
638,Central,2024-03-17 04:32:32
639,Santiago,2024-03-17 04:32:32
640,Bulawayo,2024-03-17 04:32:32
641,Mie,2024-03-17 04:32:32
642,Salzburg,2024-03-17 04:32:32
643,Iringa,2024-03-17 04:32:32
644,Edo,2024-03-17 04:32:32
645,Schleswig-Holstein,2024-03-17 04:32:32
646,Surxondaryo,2024-03-17 04:32:32
647,Porto,2024-03-17 04:32:32
648,Southland,2024-03-17 04:32:32
649,Sarawak,2024-03-17 04:32:32
650,Kandahar,2024-03-17 04:32:32
651,Boyacá,2024-03-17 04:32:32
652,Laghouat,2024-03-17 04:32:32
653,Central Equatoria,2024-03-17 04:32:32
654,Mato Grosso do Sul,2024-03-17 04:32:32
655,Greater Poland,2024-03-17 04:32:32
656,Gezira,2024-03-17 04:32:32
657,Lilongwe,2024-03-17 04:32:32
658,F.C.T.,2024-03-17 04:32:32
659,Jiangxi,2024-03-17 04:32:32
660,Guayas,2024-03-17 04:32:32
661,O'Higgins,2024-03-17 04:32:32
662,Bauchi,2024-03-17 04:32:32
663,Estuaire,2024-03-17 04:32:32
664,Opole,2024-03-17 04:32:32
665,Homyel',2024-03-17 04:32:32
666,Sylhet,2024-03-17 04:32:32
667,Ishikawa,2024-03-17 04:32:32
668,Muharraq,2024-03-17 04:32:32
669,Bacau,2024-03-17 04:32:32
670,Northern Mindanao,2024-03-17 04:32:32
671,Colón,2024-03-17 04:32:32
672,Zanjan,2024-03-17 04:32:32
673,Cross River,2024-03-17 04:32:32
674,Haifa,2024-03-17 04:32:32
675,Maradi,2024-03-17 04:32:32
676,Bengkulu,2024-03-17 04:32:32
677,Niassa,2024-03-17 04:32:32
678,Mardin,2024-03-17 04:32:32
679,Sindh,2024-03-17 04:32:32
680,Ta'izz,2024-03-17 04:32:32
681,Huambo,2024-03-17 04:32:32
682,Dà Nang,2024-03-17 04:32:32
683,Trengganu,2024-03-17 04:32:32
684,'Amman,2024-03-17 04:32:32
685,Arequipa,2024-03-17 04:32:32
686,Kocaeli,2024-03-17 04:32:32
687,Uppsala,2024-03-17 04:32:32
688,Ra's Al Khaymah,2024-03-17 04:32:32
689,Kalimantan Barat,2024-03-17 04:32:32
690,Entre Ríos,2024-03-17 04:32:32
691,Shkodër,2024-03-17 04:32:32
692,Västra Götaland,2024-03-17 04:32:32
693,Zulia,2024-03-17 04:32:32
694,Shinyanga,2024-03-17 04:32:32
695,Chisinau,2024-03-17 04:32:32
696,Ibaraki,2024-03-17 04:32:32
697,Batman,2024-03-17 04:32:32
698,South Kivu,2024-03-17 04:32:32
699,Mendoza,2024-03-17 04:32:32
700,Golestan,2024-03-17 04:32:32
701,Plateau,2024-03-17 04:32:32
702,Magallanes y Antártica Chilena,2024-03-17 04:32:32
703,Galway,2024-03-17 04:32:32
704,Iowa,2024-03-17 04:32:32
705,Gorj,2024-03-17 04:32:32
706,Huila,2024-03-17 04:32:32
707,Ceuta,2024-03-17 04:32:32
708,Varna,2024-03-17 04:32:32
709,Nevsehir,2024-03-17 04:32:32
710,Qazvin,2024-03-17 04:32:32
711,Acre,2024-03-17 04:32:32
712,Bistrita-Nasaud,2024-03-17 04:32:32
713,Central Luzon,2024-03-17 04:32:32
714,Junín,2024-03-17 04:32:32
715,Kherson,2024-03-17 04:32:32
716,Espaillat,2024-03-17 04:32:32
717,Bushehr,2024-03-17 04:32:32
718,Bern,2024-03-17 04:32:32
719,Dix-Huit Montagnes,2024-03-17 04:32:32
720,Sud,2024-03-17 04:32:32
721,Donga,2024-03-17 04:32:32
722,Thies,2024-03-17 04:32:32
723,Batna,2024-03-17 04:32:32
724,Zagrebacka,2024-03-17 04:32:32
725,Sistan Va Baluchestan,2024-03-17 04:32:32
726,Huila,2024-03-17 04:32:32
727,Hormozgan,2024-03-17 04:32:32
728,Artibonite,2024-03-17 04:32:32
729,Kansas,2024-03-17 04:32:32
730,Satu Mare,2024-03-17 04:32:32
731,North Lebanon,2024-03-17 04:32:32
732,Valcea,2024-03-17 04:32:32
733,Central,2024-03-17 04:32:32
734,Orientale,2024-03-17 04:32:32
735,Nariño,2024-03-17 04:32:32
736,Imereti,2024-03-17 04:32:32
737,Guanacaste,2024-03-17 04:32:32
738,Rivne,2024-03-17 04:32:32
739,Drenthe,2024-03-17 04:32:32
740,Masovia,2024-03-17 04:32:32
741,Jeju,2024-03-17 04:32:32
742,Chocó,2024-03-17 04:32:32
743,Burgas,2024-03-17 04:32:32
744,Nangarhar,2024-03-17 04:32:32
745,Nord,2024-03-17 04:32:32
746,Liège,2024-03-17 04:32:32
747,Plzen,2024-03-17 04:32:32
748,Chiapas,2024-03-17 04:32:32
749,Bursa,2024-03-17 04:32:32
750,Daegu,2024-03-17 04:32:32
751,Botosani,2024-03-17 04:32:32
752,Bani Suwayf,2024-03-17 04:32:32
753,Manzini,2024-03-17 04:32:32
754,Enugu,2024-03-17 04:32:32
755,Ruvuma,2024-03-17 04:32:32
756,Nord-Ouest,2024-03-17 04:32:32
757,Laayoune,2024-03-17 04:32:32
758,Diyarbakir,2024-03-17 04:32:32
759,Upper Demerara-Berbice,2024-03-17 04:32:32
760,Mures,2024-03-17 04:32:32
761,Chaguanas,2024-03-17 04:32:32
762,Central Serbia,2024-03-17 04:32:32
763,Guárico,2024-03-17 04:32:32
764,Bolivar,2024-03-17 04:32:32
765,Ucayali,2024-03-17 04:32:32
766,Ica,2024-03-17 04:32:32
767,Namangan,2024-03-17 04:32:32
768,Tarija,2024-03-17 04:32:32
769,Est,2024-03-17 04:32:32
770,Piauí,2024-03-17 04:32:32
771,Yoro,2024-03-17 04:32:32
772,Bandundu,2024-03-17 04:32:32
773,Limpopo,2024-03-17 04:32:32
774,Delaware,2024-03-17 04:32:32
775,Oyo,2024-03-17 04:32:32
776,'Asir,2024-03-17 04:32:32
777,Tanga,2024-03-17 04:32:32
778,Vitsyebsk,2024-03-17 04:32:32
779,Ibb,2024-03-17 04:32:32
780,Souss-Massa-Draâ,2024-03-17 04:32:32
781,Southern,2024-03-17 04:32:32
782,Constantine,2024-03-17 04:32:32
783,Nyanza,2024-03-17 04:32:32
784,Maniema,2024-03-17 04:32:32
785,Al Buhayrah,2024-03-17 04:32:32
786,Al Minufiyah,2024-03-17 04:32:32
787,Cherkasy,2024-03-17 04:32:32
788,Bolu,2024-03-17 04:32:32
789,Callao,2024-03-17 04:32:32
790,Osh,2024-03-17 04:32:32
791,Oaxaca,2024-03-17 04:32:32
792,Vargas,2024-03-17 04:32:32
793,Roraima,2024-03-17 04:32:32
794,White Nile,2024-03-17 04:32:32
795,Hirat,2024-03-17 04:32:32
796,Northern,2024-03-17 04:32:32
797,Plovdiv,2024-03-17 04:32:32
798,Manabi,2024-03-17 04:32:32
799,Adamaoua,2024-03-17 04:32:32
800,Kilimanjaro,2024-03-17 04:32:32
801,South Dakota,2024-03-17 04:32:32
802,La Paz,2024-03-17 04:32:32
803,Ashgabat,2024-03-17 04:32:32
804,Caquetá,2024-03-17 04:32:32
805,Manisa,2024-03-17 04:32:32
806,Marche,2024-03-17 04:32:32
807,Iasi,2024-03-17 04:32:32
808,Al Fayyum,2024-03-17 04:32:32
809,Irbid,2024-03-17 04:32:32
810,Markazi,2024-03-17 04:32:32
811,Savanes,2024-03-17 04:32:32
812,Lesser Poland,2024-03-17 04:32:32
813,Mara,2024-03-17 04:32:32
814,Mbeya,2024-03-17 04:32:32
815,Aichi,2024-03-17 04:32:32
816,Kirsehir,2024-03-17 04:32:32
817,Friuli-Venezia Giulia,2024-03-17 04:32:32
818,Braga,2024-03-17 04:32:32
819,Extremadura,2024-03-17 04:32:32
820,Bejaia,2024-03-17 04:32:32
821,Chuquisaca,2024-03-17 04:32:32
822,Malatya,2024-03-17 04:32:32
823,Chandigarh,2024-03-17 04:32:32
824,Bas-Congo,2024-03-17 04:32:32
825,Corrientes,2024-03-17 04:32:32
826,Harare,2024-03-17 04:32:32
827,Borno,2024-03-17 04:32:32
828,Hatay,2024-03-17 04:32:32
829,Canakkale,2024-03-17 04:32:32
830,Vientiane Prefecture,2024-03-17 04:32:32
831,Vlorë,2024-03-17 04:32:32
832,Aqmola,2024-03-17 04:32:32
833,Brussels,2024-03-17 04:32:32
834,Nakhon Ratchasima,2024-03-17 04:32:32
835,Antalya,2024-03-17 04:32:32
836,Arkansas,2024-03-17 04:32:32
837,Van,2024-03-17 04:32:32
838,Río Negro,2024-03-17 04:32:32
839,Arauca,2024-03-17 04:32:32
840,Sevastopol',2024-03-17 04:32:32
841,South-East,2024-03-17 04:32:32
842,Kymenlaakso,2024-03-17 04:32:32
843,Peravia,2024-03-17 04:32:32
844,Taza-Al Hoceima-Taounate,2024-03-17 04:32:32
845,Nueva Esparta,2024-03-17 04:32:32
846,Qashqadaryo,2024-03-17 04:32:32
847,Ternopil',2024-03-17 04:32:32
848,Khánh Hòa,2024-03-17 04:32:32
849,Yambol,2024-03-17 04:32:32
850,Dire Dawa,2024-03-17 04:32:32
851,Abia,2024-03-17 04:32:32
852,Southern,2024-03-17 04:32:32
853,Asunción,2024-03-17 04:32:32
854,Mehedinti,2024-03-17 04:32:32
855,Southern,2024-03-17 04:32:32
856,Maramures,2024-03-17 04:32:32
857,Tekirdag,2024-03-17 04:32:32
858,Baja California Sur,2024-03-17 04:32:32
859,North Dakota,2024-03-17 04:32:32
860,Elazig,2024-03-17 04:32:32
861,Atakora,2024-03-17 04:32:32
862,Kwara,2024-03-17 04:32:32
863,Qostanay,2024-03-17 04:32:32
864,Chaouia-Ouardigha,2024-03-17 04:32:32
865,Bur Sa'id,2024-03-17 04:32:32
866,Rondônia,2024-03-17 04:32:32
867,Antofagasta,2024-03-17 04:32:32
868,Vermont,2024-03-17 04:32:32
869,Andijan,2024-03-17 04:32:32
870,Tizi Ouzou,2024-03-17 04:32:32
871,Canelones,2024-03-17 04:32:32
872,Gharb-Chrarda-Béni Hssen,2024-03-17 04:32:32
873,Osmaniye,2024-03-17 04:32:32
874,Misiones,2024-03-17 04:32:32
875,Södermanland,2024-03-17 04:32:32
876,Pavlodar,2024-03-17 04:32:32
877,Tartumaa,2024-03-17 04:32:32
878,Sidi Bel Abbes,2024-03-17 04:32:32
879,Kampala,2024-03-17 04:32:32
880,Igdir,2024-03-17 04:32:32
881,Portuguesa,2024-03-17 04:32:32
882,Hajdu-Bihar,2024-03-17 04:32:32
883,Monagas,2024-03-17 04:32:32
884,Nitra,2024-03-17 04:32:32
885,Cuscatlán,2024-03-17 04:32:32
886,Mersin,2024-03-17 04:32:32
887,Belgorod,2024-03-17 04:32:32
888,Western,2024-03-17 04:32:32
889,Djelfa,2024-03-17 04:32:32
890,Kayseri,2024-03-17 04:32:32
891,Corum,2024-03-17 04:32:32
892,Akwa Ibom,2024-03-17 04:32:32
893,Nigde,2024-03-17 04:32:32
894,Tambov,2024-03-17 04:32:32
895,Zinder,2024-03-17 04:32:32
896,Loreto,2024-03-17 04:32:32
897,Bie,2024-03-17 04:32:32
898,Fukui,2024-03-17 04:32:32
899,Santiago del Estero,2024-03-17 04:32:32
900,San Cristóbal,2024-03-17 04:32:32
901,Französisch-Guayana,2024-03-17 04:32:32
902,Niger,2024-03-17 04:32:32
903,Almaty City,2024-03-17 04:32:32
904,Balti,2024-03-17 04:32:32
905,Ulsan,2024-03-17 04:32:32
906,Littoral,2024-03-17 04:32:32
907,Diana,2024-03-17 04:32:32
908,Cesar,2024-03-17 04:32:32
909,Kahramanmaras,2024-03-17 04:32:32
910,Delta,2024-03-17 04:32:32
911,Yaracuy,2024-03-17 04:32:32
912,Mtwara,2024-03-17 04:32:32
913,Aceh,2024-03-17 04:32:32
914,Aveiro,2024-03-17 04:32:32
915,Mostaganem,2024-03-17 04:32:32
916,Beni,2024-03-17 04:32:32
917,Astana,2024-03-17 04:32:32
918,Aragua,2024-03-17 04:32:32
919,Asyut,2024-03-17 04:32:32
920,Medea,2024-03-17 04:32:32
921,Qaraghandy,2024-03-17 04:32:32
922,Idaho,2024-03-17 04:32:32
923,Ancash,2024-03-17 04:32:32
924,Konya,2024-03-17 04:32:32
925,Ash Sharqiyah,2024-03-17 04:32:32
926,Sucre,2024-03-17 04:32:32
927,Tripura,2024-03-17 04:32:32
928,Zealand,2024-03-17 04:32:32
929,Saint-Louis,2024-03-17 04:32:32
930,Skikda,2024-03-17 04:32:32
931,Moravian-Silesian,2024-03-17 04:32:32
932,Zacatecas,2024-03-17 04:32:32
933,Setúbal,2024-03-17 04:32:32
934,Podlaskie,2024-03-17 04:32:32
935,Moscow,2024-03-17 04:32:32
936,Adiyaman,2024-03-17 04:32:32
937,Giurgiu,2024-03-17 04:32:32
938,Khatlon,2024-03-17 04:32:32
939,Manica,2024-03-17 04:32:32
940,Sanliurfa,2024-03-17 04:32:32
941,Novgorod,2024-03-17 04:32:32
942,Tlemcen,2024-03-17 04:32:32
943,Zeeland,2024-03-17 04:32:32
944,Sliven,2024-03-17 04:32:32
945,Tipaza,2024-03-17 04:32:32
946,Lebap,2024-03-17 04:32:32
947,Friesland,2024-03-17 04:32:32
948,Ayacucho,2024-03-17 04:32:32
949,Ziguinchor,2024-03-17 04:32:32
950,Yazd,2024-03-17 04:32:32
951,Qina,2024-03-17 04:32:32
952,District of Columbia,2024-03-17 04:32:32
953,Braila,2024-03-17 04:32:32
954,Yobe,2024-03-17 04:32:32
955,Düzce,2024-03-17 04:32:32
956,Kayes,2024-03-17 04:32:32
957,Manitoba,2024-03-17 04:32:32
958,Sud-Ouest,2024-03-17 04:32:32
959,Kars,2024-03-17 04:32:32
960,Eskisehir,2024-03-17 04:32:32
961,Tochigi,2024-03-17 04:32:32
962,Calabria,2024-03-17 04:32:32
963,Jizzakh,2024-03-17 04:32:32
964,Lubusz,2024-03-17 04:32:32
965,Puno,2024-03-17 04:32:32
966,Basilicata,2024-03-17 04:32:32
967,Stara Zagora,2024-03-17 04:32:32
968,Primorsko-Goranska,2024-03-17 04:32:32
969,Tokat,2024-03-17 04:32:32
970,Moquegua,2024-03-17 04:32:32
971,Khorezm,2024-03-17 04:32:32
972,Sivas,2024-03-17 04:32:32
973,Ogun,2024-03-17 04:32:32
974,Dhi Qar,2024-03-17 04:32:32
975,Okayama,2024-03-17 04:32:32
976,Almaty,2024-03-17 04:32:32
977,Central,2024-03-17 04:32:32
978,Imo,2024-03-17 04:32:32
979,Gulu,2024-03-17 04:32:32
980,Jujuy,2024-03-17 04:32:32
981,Kalimantan Selatan,2024-03-17 04:32:32
982,Anambra,2024-03-17 04:32:32
983,La Pampa,2024-03-17 04:32:32
984,Banská Bystrica,2024-03-17 04:32:32
985,Bujumbura-Mairie,2024-03-17 04:32:32
986,Jubbada Hoose,2024-03-17 04:32:32
987,Pazardzhik,2024-03-17 04:32:32
988,Hokkaido,2024-03-17 04:32:32
989,Tabora,2024-03-17 04:32:32
990,Neuquén,2024-03-17 04:32:32
991,Mopti,2024-03-17 04:32:32
992,Haute-Matsiatra,2024-03-17 04:32:32
993,Cajamarca,2024-03-17 04:32:32
994,Chukha,2024-03-17 04:32:32
995,Diyala,2024-03-17 04:32:32
996,Borgou,2024-03-17 04:32:32
997,La Rioja,2024-03-17 04:32:32
998,Nova Scotia,2024-03-17 04:32:32
999,Yevrey,2024-03-17 04:32:32
1000,West Virginia,2024-03-17 04:32:32
1001,Samsun,2024-03-17 04:32:32
1002,Arad,2024-03-17 04:32:32
1003,Meta,2024-03-17 04:32:32
1004,Kafr Ash Shaykh,2024-03-17 04:32:32
1005,Morogoro,2024-03-17 04:32:32
1006,Erzurum,2024-03-17 04:32:32
1007,Tarapacá,2024-03-17 04:32:32
1008,Olomouc,2024-03-17 04:32:32
1009,Zamfara,2024-03-17 04:32:32
1010,Free State,2024-03-17 04:32:32
1011,Centrale,2024-03-17 04:32:32
1012,Salta,2024-03-17 04:32:32
1013,South Dublin,2024-03-17 04:32:32
1014,Ilam,2024-03-17 04:32:32
1015,Ningxia,2024-03-17 04:32:32
1016,Kumanovo,2024-03-17 04:32:32
1017,Al Marqab,2024-03-17 04:32:32
1018,Šiauliai,2024-03-17 04:32:32
1019,Dolj,2024-03-17 04:32:32
1020,Ordu,2024-03-17 04:32:32
1021,Mary,2024-03-17 04:32:32
1022,Hedmark,2024-03-17 04:32:32
1023,Ivano-Frankivsk,2024-03-17 04:32:32
1024,Alibori,2024-03-17 04:32:32
1025,Isparta,2024-03-17 04:32:32
1026,Pwani,2024-03-17 04:32:32
1027,La Libertad,2024-03-17 04:32:32
1028,Eastern,2024-03-17 04:32:32
1029,Adamawa,2024-03-17 04:32:32
1030,Žilina,2024-03-17 04:32:32
1031,Ondo,2024-03-17 04:32:32
1032,Osun,2024-03-17 04:32:32
1033,Arges,2024-03-17 04:32:32
1034,'Ajman,2024-03-17 04:32:32
1035,Aomori,2024-03-17 04:32:32
1036,Bechar,2024-03-17 04:32:32
1037,Novosibirsk,2024-03-17 04:32:32
1038,Vrancea,2024-03-17 04:32:32
1039,Mashonaland West,2024-03-17 04:32:32
1040,Piura,2024-03-17 04:32:32
1041,Anseba,2024-03-17 04:32:32
1042,Litoral,2024-03-17 04:32:32
1043,Aksaray,2024-03-17 04:32:32
1044,Amasya,2024-03-17 04:32:32
1045,Abuja Capital Territory,2024-03-17 04:32:32
1046,Cayo District,2024-03-17 04:32:32
1047,Mpumalanga,2024-03-17 04:32:32
1048,Sirnak,2024-03-17 04:32:32
1049,Siirt,2024-03-17 04:32:32
1050,Tete,2024-03-17 04:32:32
1051,Atlantique,2024-03-17 04:32:32
1052,Lima,2024-03-17 04:32:32
1053,Namibe,2024-03-17 04:32:32
1054,Lori,2024-03-17 04:32:32
1055,Northern,2024-03-17 04:32:32
1056,Lambayeque,2024-03-17 04:32:32
1057,Muscat,2024-03-17 04:32:32
1058,Splitsko-Dalmatinska,2024-03-17 04:32:32
1059,Kabardino-Balkariya,2024-03-17 04:32:32
1060,Extreme-Nord,2024-03-17 04:32:32
1061,Katsina,2024-03-17 04:32:32
1062,Liberec,2024-03-17 04:32:32
1063,Usti nad Labem,2024-03-17 04:32:32
1064,Hunedoara,2024-03-17 04:32:32
1065,Melilla,2024-03-17 04:32:32
1066,Cojedes,2024-03-17 04:32:32
1067,Jinja,2024-03-17 04:32:32
1068,Gangwon,2024-03-17 04:32:32
1069,Northern,2024-03-17 04:32:32
1070,Gombe,2024-03-17 04:32:32
1071,Klaipeda,2024-03-17 04:32:32
1072,Mérida,2024-03-17 04:32:32
1073,Ardahan,2024-03-17 04:32:32
1074,Sokoto,2024-03-17 04:32:32
1075,Cabo Delgado,2024-03-17 04:32:32
1076,Guelmim-Es Semara,2024-03-17 04:32:32
1077,South Chungcheong,2024-03-17 04:32:32
1078,Ar Raqqah,2024-03-17 04:32:32
1079,Yalova,2024-03-17 04:32:32
1080,Pleven,2024-03-17 04:32:32
1081,Suceava,2024-03-17 04:32:32
1082,Atsimo-Andrefana,2024-03-17 04:32:32
1083,Malanje,2024-03-17 04:32:32
1084,Maine,2024-03-17 04:32:32
1085,Monseñor Nouel,2024-03-17 04:32:32
1086,Atsinanana,2024-03-17 04:32:32
1087,Kara,2024-03-17 04:32:32
1088,Rivera,2024-03-17 04:32:32
1089,South Khorasan,2024-03-17 04:32:32
1090,Grand Gedeh,2024-03-17 04:32:32
1091,Catamarca,2024-03-17 04:32:32
1092,St. Gallen,2024-03-17 04:32:32
1093,Central,2024-03-17 04:32:32
1094,Nagano,2024-03-17 04:32:32
1095,Afyonkarahisar,2024-03-17 04:32:32
1096,Karaman,2024-03-17 04:32:32
1097,Al Hudaydah,2024-03-17 04:32:32
1098,Nicosia,2024-03-17 04:32:32
1099,Diffa,2024-03-17 04:32:32
1100,Wyoming,2024-03-17 04:32:32
1101,Kastamonu,2024-03-17 04:32:32
1102,Kilis,2024-03-17 04:32:32
1103,Caras-Severin,2024-03-17 04:32:32
1104,Usak,2024-03-17 04:32:32
1105,Pernik,2024-03-17 04:32:32
1106,Korçë,2024-03-17 04:32:32
1107,Newfoundland,2024-03-17 04:32:32
1108,Maluku,2024-03-17 04:32:32
1109,Mono,2024-03-17 04:32:32
1110,Matruh,2024-03-17 04:32:32
1111,Casanare,2024-03-17 04:32:32
1112,Manicaland,2024-03-17 04:32:32
1113,Táchira,2024-03-17 04:32:32
1114,Inhambane,2024-03-17 04:32:32
1115,Central Jutland,2024-03-17 04:32:32
1116,Semnan,2024-03-17 04:32:32
1117,Tottori,2024-03-17 04:32:32
1118,Rize,2024-03-17 04:32:32
1119,Osjecko-Baranjska,2024-03-17 04:32:32
1120,Paramaribo,2024-03-17 04:32:32
1121,Zhambyl,2024-03-17 04:32:32
1122,Ebonyi,2024-03-17 04:32:32
1123,Kabarole,2024-03-17 04:32:32
1124,Western,2024-03-17 04:32:32
1125,Córdoba,2024-03-17 04:32:32
1126,Bitola,2024-03-17 04:32:32
1127,Edirne,2024-03-17 04:32:32
1128,Matabeleland North,2024-03-17 04:32:32
